-- Seed data for GoalTracker
-- User: stef@bitzsnoek.nl (7da9345d-374c-45e0-86b7-1dba97bbd501)

-- Clean existing data (in dependency order)
DELETE FROM weekly_values;
DELETE FROM quarterly_key_results;
DELETE FROM quarterly_goals;
DELETE FROM yearly_key_results;
DELETE FROM yearly_goals;
DELETE FROM metric_values;
DELETE FROM metrics;
DELETE FROM company_members;
DELETE FROM companies;

-- ============================================
-- COMPANY
-- ============================================
INSERT INTO companies (id, name, coach_id) VALUES
  ('a1000000-0000-0000-0000-000000000001', 'BitZsnoek', '7da9345d-374c-45e0-86b7-1dba97bbd501');

-- ============================================
-- COMPANY MEMBERS (founders)
-- ============================================
INSERT INTO company_members (id, company_id, user_id, role, name, role_title) VALUES
  ('b1000000-0000-0000-0000-000000000001', 'a1000000-0000-0000-0000-000000000001', '7da9345d-374c-45e0-86b7-1dba97bbd501', 'founder', 'Stef', 'CEO'),
  ('b1000000-0000-0000-0000-000000000002', 'a1000000-0000-0000-0000-000000000001', '7da9345d-374c-45e0-86b7-1dba97bbd501', 'founder', 'Daan', 'CTO'),
  ('b1000000-0000-0000-0000-000000000003', 'a1000000-0000-0000-0000-000000000001', '7da9345d-374c-45e0-86b7-1dba97bbd501', 'founder', 'Lisa', 'COO');

-- ============================================
-- YEARLY GOALS (2025)
-- ============================================
INSERT INTO yearly_goals (id, company_id, year, objective, archived) VALUES
  ('c1000000-0000-0000-0000-000000000001', 'a1000000-0000-0000-0000-000000000001', 2025, 'Achieve product-market fit and reach 500 paying customers', false),
  ('c1000000-0000-0000-0000-000000000002', 'a1000000-0000-0000-0000-000000000001', 2025, 'Build a world-class engineering team and ship v2.0', false),
  ('c1000000-0000-0000-0000-000000000003', 'a1000000-0000-0000-0000-000000000001', 2025, 'Establish brand presence and become a thought leader', false);

-- ============================================
-- YEARLY KEY RESULTS
-- ============================================
-- Goal 1: Product-market fit
INSERT INTO yearly_key_results (id, yearly_goal_id, title, confidence) VALUES
  ('d1000000-0000-0000-0000-000000000001', 'c1000000-0000-0000-0000-000000000001', '500 paying customers by Dec 2025', 'medium'),
  ('d1000000-0000-0000-0000-000000000002', 'c1000000-0000-0000-0000-000000000001', 'Net Revenue Retention above 110%', 'high'),
  ('d1000000-0000-0000-0000-000000000003', 'c1000000-0000-0000-0000-000000000001', 'NPS score of 50+', 'medium');

-- Goal 2: Engineering
INSERT INTO yearly_key_results (id, yearly_goal_id, title, confidence) VALUES
  ('d1000000-0000-0000-0000-000000000004', 'c1000000-0000-0000-0000-000000000002', 'Hire 4 senior engineers', 'high'),
  ('d1000000-0000-0000-0000-000000000005', 'c1000000-0000-0000-0000-000000000002', 'Ship v2.0 with AI features by Q3', 'low'),
  ('d1000000-0000-0000-0000-000000000006', 'c1000000-0000-0000-0000-000000000002', '99.9% uptime SLA', 'high');

-- Goal 3: Brand
INSERT INTO yearly_key_results (id, yearly_goal_id, title, confidence) VALUES
  ('d1000000-0000-0000-0000-000000000007', 'c1000000-0000-0000-0000-000000000003', '10,000 newsletter subscribers', 'medium'),
  ('d1000000-0000-0000-0000-000000000008', 'c1000000-0000-0000-0000-000000000003', 'Speak at 6 industry conferences', 'high');

-- ============================================
-- QUARTERLY GOALS (Q1 2025 - current quarter)
-- ============================================
INSERT INTO quarterly_goals (id, company_id, year, quarter, yearly_goal_id, objective, archived) VALUES
  ('e1000000-0000-0000-0000-000000000001', 'a1000000-0000-0000-0000-000000000001', 2025, 1, 'c1000000-0000-0000-0000-000000000001', 'Launch paid tier and onboard first 100 customers', false),
  ('e1000000-0000-0000-0000-000000000002', 'a1000000-0000-0000-0000-000000000001', 2025, 1, 'c1000000-0000-0000-0000-000000000002', 'Complete core platform rewrite and hire 2 engineers', false),
  ('e1000000-0000-0000-0000-000000000003', 'a1000000-0000-0000-0000-000000000001', 2025, 1, 'c1000000-0000-0000-0000-000000000003', 'Launch blog and build initial audience', false);

-- Q4 2024 (archived)
INSERT INTO quarterly_goals (id, company_id, year, quarter, yearly_goal_id, objective, archived) VALUES
  ('e1000000-0000-0000-0000-000000000010', 'a1000000-0000-0000-0000-000000000001', 2024, 4, NULL, 'Validate MVP with beta users and prepare for launch', true);

-- ============================================
-- QUARTERLY KEY RESULTS (Q1 2025)
-- ============================================

-- Q1 Goal 1: Launch paid tier
INSERT INTO quarterly_key_results (id, quarterly_goal_id, yearly_key_result_id, title, type, target, owner_id, is_priority, confidence) VALUES
  ('f1000000-0000-0000-0000-000000000001', 'e1000000-0000-0000-0000-000000000001', 'd1000000-0000-0000-0000-000000000001', 'Sign up 100 paying customers', 'cumulative', 100, 'b1000000-0000-0000-0000-000000000001', true, 'medium'),
  ('f1000000-0000-0000-0000-000000000002', 'e1000000-0000-0000-0000-000000000001', 'd1000000-0000-0000-0000-000000000002', 'Conduct 20 customer interviews', 'cumulative', 20, 'b1000000-0000-0000-0000-000000000003', true, 'high'),
  ('f1000000-0000-0000-0000-000000000003', 'e1000000-0000-0000-0000-000000000001', NULL, 'Ship pricing page and checkout flow', 'project', 100, 'b1000000-0000-0000-0000-000000000002', false, 'high'),
  ('f1000000-0000-0000-0000-000000000004', 'e1000000-0000-0000-0000-000000000001', NULL, 'Weekly demo calls completed', 'input', 5, 'b1000000-0000-0000-0000-000000000001', true, 'high');

-- Q1 Goal 2: Platform rewrite
INSERT INTO quarterly_key_results (id, quarterly_goal_id, yearly_key_result_id, title, type, target, owner_id, is_priority, confidence) VALUES
  ('f1000000-0000-0000-0000-000000000005', 'e1000000-0000-0000-0000-000000000002', 'd1000000-0000-0000-0000-000000000004', 'Hire 2 senior engineers', 'cumulative', 2, 'b1000000-0000-0000-0000-000000000003', true, 'medium'),
  ('f1000000-0000-0000-0000-000000000006', 'e1000000-0000-0000-0000-000000000002', 'd1000000-0000-0000-0000-000000000005', 'Complete API v2 migration', 'project', 100, 'b1000000-0000-0000-0000-000000000002', true, 'low'),
  ('f1000000-0000-0000-0000-000000000007', 'e1000000-0000-0000-0000-000000000002', 'd1000000-0000-0000-0000-000000000006', 'Reduce p95 latency below 200ms', 'cumulative', 200, 'b1000000-0000-0000-0000-000000000002', false, 'high'),
  ('f1000000-0000-0000-0000-000000000008', 'e1000000-0000-0000-0000-000000000002', NULL, 'Code reviews completed per week', 'input', 10, 'b1000000-0000-0000-0000-000000000002', false, 'high');

-- Q1 Goal 3: Blog & audience
INSERT INTO quarterly_key_results (id, quarterly_goal_id, yearly_key_result_id, title, type, target, owner_id, is_priority, confidence) VALUES
  ('f1000000-0000-0000-0000-000000000009', 'e1000000-0000-0000-0000-000000000003', 'd1000000-0000-0000-0000-000000000007', 'Publish 12 blog posts', 'cumulative', 12, 'b1000000-0000-0000-0000-000000000001', true, 'high'),
  ('f1000000-0000-0000-0000-000000000010', 'e1000000-0000-0000-0000-000000000003', 'd1000000-0000-0000-0000-000000000007', 'Reach 2,000 newsletter subscribers', 'cumulative', 2000, 'b1000000-0000-0000-0000-000000000001', false, 'medium'),
  ('f1000000-0000-0000-0000-000000000011', 'e1000000-0000-0000-0000-000000000003', NULL, 'Social media posts per week', 'input', 7, 'b1000000-0000-0000-0000-000000000003', true, 'high');

-- Q4 2024 archived KRs
INSERT INTO quarterly_key_results (id, quarterly_goal_id, yearly_key_result_id, title, type, target, owner_id, is_priority, confidence) VALUES
  ('f1000000-0000-0000-0000-000000000020', 'e1000000-0000-0000-0000-000000000010', NULL, 'Onboard 25 beta users', 'cumulative', 25, 'b1000000-0000-0000-0000-000000000001', true, 'high'),
  ('f1000000-0000-0000-0000-000000000021', 'e1000000-0000-0000-0000-000000000010', NULL, 'Complete MVP feature set', 'project', 100, 'b1000000-0000-0000-0000-000000000002', true, 'high');

-- ============================================
-- WEEKLY VALUES (13 weeks in Q1, realistic progression)
-- ============================================

-- KR1: Sign up 100 customers (cumulative - grows over time)
INSERT INTO weekly_values (quarterly_key_result_id, week, value) VALUES
  ('f1000000-0000-0000-0000-000000000001', 1, 3),
  ('f1000000-0000-0000-0000-000000000001', 2, 8),
  ('f1000000-0000-0000-0000-000000000001', 3, 14),
  ('f1000000-0000-0000-0000-000000000001', 4, 19),
  ('f1000000-0000-0000-0000-000000000001', 5, 27),
  ('f1000000-0000-0000-0000-000000000001', 6, 35),
  ('f1000000-0000-0000-0000-000000000001', 7, 42),
  ('f1000000-0000-0000-0000-000000000001', 8, 51);

-- KR2: 20 customer interviews (cumulative)
INSERT INTO weekly_values (quarterly_key_result_id, week, value) VALUES
  ('f1000000-0000-0000-0000-000000000002', 1, 2),
  ('f1000000-0000-0000-0000-000000000002', 2, 4),
  ('f1000000-0000-0000-0000-000000000002', 3, 5),
  ('f1000000-0000-0000-0000-000000000002', 4, 8),
  ('f1000000-0000-0000-0000-000000000002', 5, 10),
  ('f1000000-0000-0000-0000-000000000002', 6, 12),
  ('f1000000-0000-0000-0000-000000000002', 7, 14),
  ('f1000000-0000-0000-0000-000000000002', 8, 16);

-- KR3: Ship pricing page (project - percentage)
INSERT INTO weekly_values (quarterly_key_result_id, week, value) VALUES
  ('f1000000-0000-0000-0000-000000000003', 1, 5),
  ('f1000000-0000-0000-0000-000000000003', 2, 15),
  ('f1000000-0000-0000-0000-000000000003', 3, 30),
  ('f1000000-0000-0000-0000-000000000003', 4, 45),
  ('f1000000-0000-0000-0000-000000000003', 5, 60),
  ('f1000000-0000-0000-0000-000000000003', 6, 75),
  ('f1000000-0000-0000-0000-000000000003', 7, 85),
  ('f1000000-0000-0000-0000-000000000003', 8, 90);

-- KR4: Weekly demo calls (input - per week target of 5)
INSERT INTO weekly_values (quarterly_key_result_id, week, value) VALUES
  ('f1000000-0000-0000-0000-000000000004', 1, 3),
  ('f1000000-0000-0000-0000-000000000004', 2, 5),
  ('f1000000-0000-0000-0000-000000000004', 3, 4),
  ('f1000000-0000-0000-0000-000000000004', 4, 6),
  ('f1000000-0000-0000-0000-000000000004', 5, 5),
  ('f1000000-0000-0000-0000-000000000004', 6, 7),
  ('f1000000-0000-0000-0000-000000000004', 7, 5),
  ('f1000000-0000-0000-0000-000000000004', 8, 6);

-- KR5: Hire 2 engineers (cumulative)
INSERT INTO weekly_values (quarterly_key_result_id, week, value) VALUES
  ('f1000000-0000-0000-0000-000000000005', 1, 0),
  ('f1000000-0000-0000-0000-000000000005', 2, 0),
  ('f1000000-0000-0000-0000-000000000005', 3, 0),
  ('f1000000-0000-0000-0000-000000000005', 4, 0),
  ('f1000000-0000-0000-0000-000000000005', 5, 1),
  ('f1000000-0000-0000-0000-000000000005', 6, 1),
  ('f1000000-0000-0000-0000-000000000005', 7, 1),
  ('f1000000-0000-0000-0000-000000000005', 8, 1);

-- KR6: API v2 migration (project - percentage)
INSERT INTO weekly_values (quarterly_key_result_id, week, value) VALUES
  ('f1000000-0000-0000-0000-000000000006', 1, 0),
  ('f1000000-0000-0000-0000-000000000006', 2, 5),
  ('f1000000-0000-0000-0000-000000000006', 3, 12),
  ('f1000000-0000-0000-0000-000000000006', 4, 18),
  ('f1000000-0000-0000-0000-000000000006', 5, 25),
  ('f1000000-0000-0000-0000-000000000006', 6, 30),
  ('f1000000-0000-0000-0000-000000000006', 7, 35),
  ('f1000000-0000-0000-0000-000000000006', 8, 40);

-- KR7: Reduce p95 latency (cumulative - going down is good, track actual ms)
INSERT INTO weekly_values (quarterly_key_result_id, week, value) VALUES
  ('f1000000-0000-0000-0000-000000000007', 1, 450),
  ('f1000000-0000-0000-0000-000000000007', 2, 420),
  ('f1000000-0000-0000-0000-000000000007', 3, 390),
  ('f1000000-0000-0000-0000-000000000007', 4, 350),
  ('f1000000-0000-0000-0000-000000000007', 5, 320),
  ('f1000000-0000-0000-0000-000000000007', 6, 290),
  ('f1000000-0000-0000-0000-000000000007', 7, 260),
  ('f1000000-0000-0000-0000-000000000007', 8, 240);

-- KR8: Code reviews per week (input - target 10)
INSERT INTO weekly_values (quarterly_key_result_id, week, value) VALUES
  ('f1000000-0000-0000-0000-000000000008', 1, 8),
  ('f1000000-0000-0000-0000-000000000008', 2, 12),
  ('f1000000-0000-0000-0000-000000000008', 3, 10),
  ('f1000000-0000-0000-0000-000000000008', 4, 9),
  ('f1000000-0000-0000-0000-000000000008', 5, 11),
  ('f1000000-0000-0000-0000-000000000008', 6, 10),
  ('f1000000-0000-0000-0000-000000000008', 7, 13),
  ('f1000000-0000-0000-0000-000000000008', 8, 10);

-- KR9: Publish 12 blog posts (cumulative)
INSERT INTO weekly_values (quarterly_key_result_id, week, value) VALUES
  ('f1000000-0000-0000-0000-000000000009', 1, 1),
  ('f1000000-0000-0000-0000-000000000009', 2, 1),
  ('f1000000-0000-0000-0000-000000000009', 3, 2),
  ('f1000000-0000-0000-0000-000000000009', 4, 3),
  ('f1000000-0000-0000-0000-000000000009', 5, 4),
  ('f1000000-0000-0000-0000-000000000009', 6, 5),
  ('f1000000-0000-0000-0000-000000000009', 7, 6),
  ('f1000000-0000-0000-0000-000000000009', 8, 7);

-- KR10: 2000 newsletter subscribers (cumulative)
INSERT INTO weekly_values (quarterly_key_result_id, week, value) VALUES
  ('f1000000-0000-0000-0000-000000000010', 1, 120),
  ('f1000000-0000-0000-0000-000000000010', 2, 180),
  ('f1000000-0000-0000-0000-000000000010', 3, 260),
  ('f1000000-0000-0000-0000-000000000010', 4, 350),
  ('f1000000-0000-0000-0000-000000000010', 5, 480),
  ('f1000000-0000-0000-0000-000000000010', 6, 620),
  ('f1000000-0000-0000-0000-000000000010', 7, 780),
  ('f1000000-0000-0000-0000-000000000010', 8, 950);

-- KR11: Social media posts per week (input - target 7)
INSERT INTO weekly_values (quarterly_key_result_id, week, value) VALUES
  ('f1000000-0000-0000-0000-000000000011', 1, 5),
  ('f1000000-0000-0000-0000-000000000011', 2, 7),
  ('f1000000-0000-0000-0000-000000000011', 3, 6),
  ('f1000000-0000-0000-0000-000000000011', 4, 8),
  ('f1000000-0000-0000-0000-000000000011', 5, 7),
  ('f1000000-0000-0000-0000-000000000011', 6, 5),
  ('f1000000-0000-0000-0000-000000000011', 7, 9),
  ('f1000000-0000-0000-0000-000000000011', 8, 7);

-- Archived Q4 KRs
INSERT INTO weekly_values (quarterly_key_result_id, week, value) VALUES
  ('f1000000-0000-0000-0000-000000000020', 1, 2),
  ('f1000000-0000-0000-0000-000000000020', 5, 10),
  ('f1000000-0000-0000-0000-000000000020', 9, 18),
  ('f1000000-0000-0000-0000-000000000020', 13, 25);

INSERT INTO weekly_values (quarterly_key_result_id, week, value) VALUES
  ('f1000000-0000-0000-0000-000000000021', 1, 10),
  ('f1000000-0000-0000-0000-000000000021', 5, 40),
  ('f1000000-0000-0000-0000-000000000021', 9, 75),
  ('f1000000-0000-0000-0000-000000000021', 13, 100);

-- ============================================
-- METRICS
-- ============================================
INSERT INTO metrics (id, company_id, name, description, category) VALUES
  ('g1000000-0000-0000-0000-000000000001', 'a1000000-0000-0000-0000-000000000001', 'Monthly Recurring Revenue', 'Total MRR from all paying customers', 'revenue'),
  ('g1000000-0000-0000-0000-000000000002', 'a1000000-0000-0000-0000-000000000001', 'Customer Acquisition Cost', 'Avg cost to acquire a new customer', 'revenue'),
  ('g1000000-0000-0000-0000-000000000003', 'a1000000-0000-0000-0000-000000000001', 'Monthly Active Users', 'Users active in the last 30 days', 'engagement'),
  ('g1000000-0000-0000-0000-000000000004', 'a1000000-0000-0000-0000-000000000001', 'Churn Rate', 'Percentage of customers lost per month', 'engagement'),
  ('g1000000-0000-0000-0000-000000000005', 'a1000000-0000-0000-0000-000000000001', 'NPS Score', 'Net Promoter Score from surveys', 'satisfaction');

-- Metric values (months 1-12, seeding Jan-Aug for 2025)
-- MRR
INSERT INTO metric_values (metric_id, month, value) VALUES
  ('g1000000-0000-0000-0000-000000000001', 1, 4200),
  ('g1000000-0000-0000-0000-000000000001', 2, 5800),
  ('g1000000-0000-0000-0000-000000000001', 3, 7500),
  ('g1000000-0000-0000-0000-000000000001', 4, 9100),
  ('g1000000-0000-0000-0000-000000000001', 5, 11400),
  ('g1000000-0000-0000-0000-000000000001', 6, 14200),
  ('g1000000-0000-0000-0000-000000000001', 7, 17800),
  ('g1000000-0000-0000-0000-000000000001', 8, 21500);

-- CAC
INSERT INTO metric_values (metric_id, month, value) VALUES
  ('g1000000-0000-0000-0000-000000000002', 1, 320),
  ('g1000000-0000-0000-0000-000000000002', 2, 290),
  ('g1000000-0000-0000-0000-000000000002', 3, 260),
  ('g1000000-0000-0000-0000-000000000002', 4, 240),
  ('g1000000-0000-0000-0000-000000000002', 5, 210),
  ('g1000000-0000-0000-0000-000000000002', 6, 195),
  ('g1000000-0000-0000-0000-000000000002', 7, 180),
  ('g1000000-0000-0000-0000-000000000002', 8, 165);

-- MAU
INSERT INTO metric_values (metric_id, month, value) VALUES
  ('g1000000-0000-0000-0000-000000000003', 1, 320),
  ('g1000000-0000-0000-0000-000000000003', 2, 480),
  ('g1000000-0000-0000-0000-000000000003', 3, 650),
  ('g1000000-0000-0000-0000-000000000003', 4, 820),
  ('g1000000-0000-0000-0000-000000000003', 5, 1050),
  ('g1000000-0000-0000-0000-000000000003', 6, 1340),
  ('g1000000-0000-0000-0000-000000000003', 7, 1680),
  ('g1000000-0000-0000-0000-000000000003', 8, 2100);

-- Churn Rate (percentage)
INSERT INTO metric_values (metric_id, month, value) VALUES
  ('g1000000-0000-0000-0000-000000000004', 1, 8.2),
  ('g1000000-0000-0000-0000-000000000004', 2, 7.5),
  ('g1000000-0000-0000-0000-000000000004', 3, 6.8),
  ('g1000000-0000-0000-0000-000000000004', 4, 5.9),
  ('g1000000-0000-0000-0000-000000000004', 5, 5.1),
  ('g1000000-0000-0000-0000-000000000004', 6, 4.6),
  ('g1000000-0000-0000-0000-000000000004', 7, 4.2),
  ('g1000000-0000-0000-0000-000000000004', 8, 3.8);

-- NPS Score
INSERT INTO metric_values (metric_id, month, value) VALUES
  ('g1000000-0000-0000-0000-000000000005', 1, 28),
  ('g1000000-0000-0000-0000-000000000005', 2, 32),
  ('g1000000-0000-0000-0000-000000000005', 3, 35),
  ('g1000000-0000-0000-0000-000000000005', 4, 38),
  ('g1000000-0000-0000-0000-000000000005', 5, 41),
  ('g1000000-0000-0000-0000-000000000005', 6, 43),
  ('g1000000-0000-0000-0000-000000000005', 7, 45),
  ('g1000000-0000-0000-0000-000000000005', 8, 47);
